id,is_return,oos_return,oos_sharpe,oos_pf,oos_trades,desc
S2.08_L_aggr_F3#g20,46.82657677571533,20.346072712393347,0.8706790756037908,1.4729023320861474,138,adx_threshold=25; vortex_period=14
S2.08_L_aggr_F3#g22,40.398491005709026,17.85098574976161,0.4986305608558208,1.379931773917194,129,adx_threshold=25; vortex_period=14
S2.08_L_aggr_F3#g37,43.60451332044167,17.726680977594697,0.8404741534286901,1.5911851503882868,111,max_hold=21; trail_mult=2.0; adx_threshold=25; btc_filter=btc_5d_pos; vortex_period=14
S2.08_L_aggr_F3#g36,50.66075806967442,11.11938642529955,0.4200393970892463,1.2644020957819324,135,max_hold=21; trail_mult=2.0; adx_threshold=25; vortex_period=14
S2.08_L_aggr_F3#g21,50.66075806967442,11.11938642529955,0.4200393970892463,1.2644020957819324,135,max_hold=21; adx_threshold=25; vortex_period=14
S2.08_L_aggr_F3#g18,37.19256419263492,11.08606058172457,0.5133198478251223,1.5297474595933955,56,adx_threshold=20; vortex_period=14
S2.08_L_aggr_F3#g23,38.405831936618725,6.462217761619923,0.04740342029565614,1.116881152415094,125,max_hold=21; adx_threshold=25; vortex_period=14
S2.08_L_aggr_F3#g17,37.81083347360787,4.678511581301582,0.14348178742335568,1.4317560882026126,58,max_hold=21; adx_threshold=20; vortex_period=14
