strategy_id,actual_return,random_mean,random_p95,p_value,significant,n_sims
SEQ_S1.11_S+S4.04_L+A4,78.17335307083734,6.932780905615366,53.6281417813535,0.005,True,1000
S2.08_L_aggr_F9+A4,23.810893761557498,-13.79524184334323,21.016729642968706,0.037,True,1000
S2.08_L_aggr_F3+A4,43.943276921939834,-6.516818410507643,16.866139179564204,0.001,True,1000
S1.11_S_aggr+B2,36.162169439391874,19.278889777291415,48.039147638270606,0.169,False,1000
SEQ_S1.11_S+S3.01_L+E1,44.979620355813914,3.142526694970636,31.6086561604606,0.007,True,1000
